{
	"$schema": "http://schema.management.azure.com/schemas/2015-01-01/deploymentTemplate.json#",
	"contentVersion": "1.0.0.0",
	"parameters": {
		"factoryName": {
			"type": "string",
			"metadata": "Data Factory name"
		},
		"ADLSGen2": {
			"type": "string"
		}
	},
	"variables": {
		"factoryId": "[concat('Microsoft.DataFactory/factories/', parameters('factoryName'))]"
	},
	"resources": [
		{
			"name": "[concat(parameters('factoryName'), '/TaxiDemo')]",
			"type": "Microsoft.DataFactory/factories/pipelines",
			"apiVersion": "2018-06-01",
			"properties": {
				"description": "Joining and aggregating New York City taxi data using Power Query",
				"activities": [
					{
						"name": "AggregateTaxiData",
						"description": "Joining and aggregating New York City taxi data",
						"type": "ExecuteWranglingDataflow",
						"dependsOn": [],
						"policy": {
							"timeout": "7.00:00:00",
							"retry": 0,
							"retryIntervalInSeconds": 30,
							"secureOutput": false,
							"secureInput": false
						},
						"userProperties": [],
						"typeProperties": {
							"dataflow": {
								"referenceName": "TaxiDemo",
								"type": "DataFlowReference"
							},
							"compute": {
								"computeType": "General",
								"coreCount": 8
							}, 
                            "sinks": {
                                "UserQuery": {
                                    "name": "TaxiSink",
                                    "dataset": {
                                        "referenceName": "TaxiSink",
                                        "type": "DatasetReference"
                                    },
                                    "script": ""
                                }
                            }
						}
					}
				],
				"folder": {
					"name": "TaxiDemo"
				},
				"annotations": []
			},
			"dependsOn": [
				"[concat(variables('factoryId'), '/dataflows/TaxiDemo')]"
			]
		},
		{
			"name": "[concat(parameters('factoryName'), '/TaxiDemo')]",
			"type": "Microsoft.DataFactory/factories/dataflows",
			"apiVersion": "2018-06-01",
			"properties": {
				"type": "WranglingDataFlow",
				"typeProperties": {
					"sources": [
						{
							"name": "TripData",
							"script": "",
							"dataset": {
								"referenceName": "TripData",
								"type": "DatasetReference"
							},
							"typeProperties": {
								"readMode": null
							}
						},
						{
							"name": "TripFares",
							"script": "",
							"dataset": {
								"referenceName": "TripFares",
								"type": "DatasetReference"
							},
							"typeProperties": {
								"readMode": null
							}
						}
					],
					"script": "section Section1;\r\n  shared TripData = let\r\n  AdfDoc = AzureStorage.DataLakeContents(\"https://nnarateststore.dfs.core.windows.net/taxistore/trip_data_1.csv\"),\r\n  Csv = Csv.Document(AdfDoc, [Delimiter = \",\", Encoding = TextEncoding.Utf8, QuoteStyle = QuoteStyle.None]),\r\n  PromotedHeaders = Table.PromoteHeaders(Csv, [PromoteAllScalars = true]),\r\n  TrimmedHeaders = Table.TransformColumnNames(PromotedHeaders, (columnName as text) as text => Text.Trim(columnName))\r\nin\r\n  TrimmedHeaders;\r\nshared TripFares = let\r\n  AdfDoc = AzureStorage.DataLakeContents(\"https://nnarateststore.dfs.core.windows.net/taxistore/trip_fare_1.csv\"),\r\n  Csv = Csv.Document(AdfDoc, [Delimiter = \",\", Encoding = TextEncoding.Utf8, QuoteStyle = QuoteStyle.None]),\r\n  PromotedHeaders = Table.PromoteHeaders(Csv, [PromoteAllScalars = true]),\r\n  TrimmedHeaders = Table.TransformColumnNames(PromotedHeaders, (columnName as text) as text => Text.Trim(columnName))\r\nin\r\n  TrimmedHeaders;\r\nshared UserQuery = let\r\n  Source = TripData,\r\n  #\"Inner Join\" = Table.NestedJoin(Source, {\"medallion\", \"hack_license\", \"vendor_id\"}, TripFares, {\"medallion\", \"hack_license\", \"vendor_id\"}, \"TripFares\", JoinKind.Inner),\r\n  #\"Expanding Joined Tables\" = Table.ExpandTableColumn(#\"Inner Join\", \"TripFares\", {\"medallion\", \"hack_license\", \"vendor_id\", \"pickup_datetime\", \"payment_type\", \"fare_amount\", \"surcharge\", \"mta_tax\", \"tip_amount\", \"tolls_amount\", \"total_amount\"}, {\"TripFares.medallion\", \"TripFares.hack_license\", \"TripFares.vendor_id\", \"TripFares.pickup_datetime\", \"TripFares.payment_type\", \"TripFares.fare_amount\", \"TripFares.surcharge\", \"TripFares.mta_tax\", \"TripFares.tip_amount\", \"TripFares.tolls_amount\", \"TripFares.total_amount\"}),\r\n  #\"Converting to Decimal Types\" = Table.TransformColumnTypes(#\"Expanding Joined Tables\", {{\"TripFares.total_amount\", type number}, {\"passenger_count\", type number}, {\"trip_time_in_secs\", type number}, {\"trip_distance\", type number}}),\r\n  #\"Aggregating on Vendor ID\" = Table.Group(#\"Converting to Decimal Types\", {\"vendor_id\"}, {{\"total_passenger_count\", each List.Sum([passenger_count]), type number}, {\"total_trip_time_in_secs\", each List.Sum([trip_time_in_secs]), type number}, {\"total_trip_distance\", each List.Sum([trip_distance]), type number}, {\"total_trip_fare\", each List.Sum([TripFares.total_amount]), type number}})\r\nin\r\n  #\"Aggregating on Vendor ID\";"
				}
			},
			"dependsOn": [
				"[concat(variables('factoryId'), '/datasets/TripData')]",
				"[concat(variables('factoryId'), '/datasets/TripFares')]",
				"[concat(variables('factoryId'), '/datasets/TaxiSink')]"
			]
		},
		{
			"name": "[concat(parameters('factoryName'), '/TripData')]",
			"type": "Microsoft.DataFactory/factories/datasets",
			"apiVersion": "2018-06-01",
			"properties": {
				"linkedServiceName": {
					"referenceName": "[parameters('ADLSGen2')]",
					"type": "LinkedServiceReference"
				},
				"folder": {
					"name": "TaxiDemo"
				},
				"annotations": [],
				"type": "DelimitedText",
				"typeProperties": {
					"location": {
						"type": "AzureBlobFSLocation",
						"fileName": "trip_data_1.csv",
						"fileSystem": "taxistore"
					},
					"columnDelimiter": ",",
					"escapeChar": "\\",
					"firstRowAsHeader": true,
					"quoteChar": "\""
				},
				"schema": [
					{
						"name": "medallion",
						"type": "String"
					},
					{
						"name": "hack_license",
						"type": "String"
					},
					{
						"name": "vendor_id",
						"type": "String"
					},
					{
						"name": "rate_code",
						"type": "String"
					},
					{
						"name": "store_and_fwd_flag",
						"type": "String"
					},
					{
						"name": "pickup_datetime",
						"type": "String"
					},
					{
						"name": "dropoff_datetime",
						"type": "String"
					},
					{
						"name": "passenger_count",
						"type": "String"
					},
					{
						"name": "trip_time_in_secs",
						"type": "String"
					},
					{
						"name": "trip_distance",
						"type": "String"
					},
					{
						"name": "pickup_longitude",
						"type": "String"
					},
					{
						"name": "pickup_latitude",
						"type": "String"
					},
					{
						"name": "dropoff_longitude",
						"type": "String"
					},
					{
						"name": "dropoff_latitude",
						"type": "String"
					}
				]
			},
			"dependsOn": []
		},
		{
			"name": "[concat(parameters('factoryName'), '/TripFares')]",
			"type": "Microsoft.DataFactory/factories/datasets",
			"apiVersion": "2018-06-01",
			"properties": {
				"linkedServiceName": {
					"referenceName": "[parameters('ADLSGen2')]",
					"type": "LinkedServiceReference"
				},
				"folder": {
					"name": "TaxiDemo"
				},
				"annotations": [],
				"type": "DelimitedText",
				"typeProperties": {
					"location": {
						"type": "AzureBlobFSLocation",
						"fileName": "trip_fare_1.csv",
						"fileSystem": "taxistore"
					},
					"columnDelimiter": ",",
					"escapeChar": "\\",
					"firstRowAsHeader": true,
					"quoteChar": "\""
				},
				"schema": [
					{
						"name": "medallion",
						"type": "String"
					},
					{
						"name": "hack_license",
						"type": "String"
					},
					{
						"name": "vendor_id",
						"type": "String"
					},
					{
						"name": "pickup_datetime",
						"type": "String"
					},
					{
						"name": "payment_type",
						"type": "String"
					},
					{
						"name": "fare_amount",
						"type": "String"
					},
					{
						"name": "surcharge",
						"type": "String"
					},
					{
						"name": "mta_tax",
						"type": "String"
					},
					{
						"name": "tip_amount",
						"type": "String"
					},
					{
						"name": "tolls_amount",
						"type": "String"
					},
					{
						"name": "total_amount",
						"type": "String"
					}
				]
			},
			"dependsOn": []
		},
		{
			"name": "[concat(parameters('factoryName'), '/TaxiSink')]",
			"type": "Microsoft.DataFactory/factories/datasets",
			"apiVersion": "2018-06-01",
			"properties": {
				"linkedServiceName": {
					"referenceName": "[parameters('ADLSGen2')]",
					"type": "LinkedServiceReference"
				},
				"folder": {
					"name": "TaxiDemo"
				},
				"annotations": [],
				"type": "DelimitedText",
				"typeProperties": {
					"location": {
						"type": "AzureBlobFSLocation",
						"folderPath": "output",
						"fileSystem": "taxistore"
					},
					"columnDelimiter": ",",
					"escapeChar": "\\",
					"firstRowAsHeader": true,
					"quoteChar": "\""
				},
				"schema": []
			},
			"dependsOn": []
		}
	]
}